{
  "__type__": "cc.SpriteFrame",
  "content": {
    "name": "monList",
    "atlas": "",
    "rect": {
      "x": 1,
      "y": 2,
      "width": 946,
      "height": 1541
    },
    "offset": {
      "x": -0.5,
      "y": 0
    },
    "originalSize": {
      "width": 949,
      "height": 1545
    },
    "rotated": false,
    "capInsets": [
      0,
      0,
      0,
      0
    ],
    "vertices": {
      "rawPosition": [
        -473,
        -770.5,
        0,
        473,
        -770.5,
        0,
        -473,
        770.5,
        0,
        473,
        770.5,
        0
      ],
      "indexes": [
        0,
        1,
        2,
        2,
        1,
        3
      ],
      "uv": [
        1,
        1543,
        947,
        1543,
        1,
        2,
        947,
        2
      ],
      "nuv": [
        0.001053740779768177,
        0.0012944983818770227,
        0.9978925184404637,
        0.0012944983818770227,
        0.001053740779768177,
        0.998705501618123,
        0.9978925184404637,
        0.998705501618123
      ],
      "minPos": {
        "x": -473,
        "y": -770.5,
        "z": 0
      },
      "maxPos": {
        "x": 473,
        "y": 770.5,
        "z": 0
      }
    },
    "texture": "cd7f28b6-e675-4f78-a649-7cf36bacd577@6c48a",
    "packable": true,
    "pixelsToUnit": 100,
    "pivot": {
      "x": 0.5,
      "y": 0.5
    },
    "meshType": 0
  }
}