{
  "__type__": "cc.SpriteFrame",
  "content": {
    "name": "bulletList",
    "atlas": "",
    "rect": {
      "x": 2,
      "y": 2,
      "width": 952,
      "height": 614
    },
    "offset": {
      "x": 0,
      "y": 1.5
    },
    "originalSize": {
      "width": 956,
      "height": 621
    },
    "rotated": false,
    "capInsets": [
      0,
      0,
      0,
      0
    ],
    "vertices": {
      "rawPosition": [
        -476,
        -307,
        0,
        476,
        -307,
        0,
        -476,
        307,
        0,
        476,
        307,
        0
      ],
      "indexes": [
        0,
        1,
        2,
        2,
        1,
        3
      ],
      "uv": [
        2,
        619,
        954,
        619,
        2,
        5,
        954,
        5
      ],
      "nuv": [
        0.0020920502092050207,
        0.008051529790660225,
        0.997907949790795,
        0.008051529790660225,
        0.0020920502092050207,
        0.9967793880837359,
        0.997907949790795,
        0.9967793880837359
      ],
      "minPos": {
        "x": -476,
        "y": -307,
        "z": 0
      },
      "maxPos": {
        "x": 476,
        "y": 307,
        "z": 0
      }
    },
    "texture": "3dbd2119-31f3-4db5-849d-03626ba3f348@6c48a",
    "packable": true,
    "pixelsToUnit": 100,
    "pivot": {
      "x": 0.5,
      "y": 0.5
    },
    "meshType": 0
  }
}