{
  "__type__": "cc.SpriteFrame",
  "content": {
    "name": "player",
    "atlas": "",
    "rect": {
      "x": 2,
      "y": 2,
      "width": 248,
      "height": 496
    },
    "offset": {
      "x": 0,
      "y": 0.5
    },
    "originalSize": {
      "width": 252,
      "height": 501
    },
    "rotated": false,
    "capInsets": [
      0,
      0,
      0,
      0
    ],
    "vertices": {
      "rawPosition": [
        -124,
        -248,
        0,
        124,
        -248,
        0,
        -124,
        248,
        0,
        124,
        248,
        0
      ],
      "indexes": [
        0,
        1,
        2,
        2,
        1,
        3
      ],
      "uv": [
        2,
        499,
        250,
        499,
        2,
        3,
        250,
        3
      ],
      "nuv": [
        0.007936507936507936,
        0.005988023952095809,
        0.9920634920634921,
        0.005988023952095809,
        0.007936507936507936,
        0.9960079840319361,
        0.9920634920634921,
        0.9960079840319361
      ],
      "minPos": {
        "x": -124,
        "y": -248,
        "z": 0
      },
      "maxPos": {
        "x": 124,
        "y": 248,
        "z": 0
      }
    },
    "texture": "851efedc-7d9d-4664-ade5-6ba09535c20d@6c48a",
    "packable": true,
    "pixelsToUnit": 100,
    "pivot": {
      "x": 0.5,
      "y": 0.5
    },
    "meshType": 0
  }
}