{
  "__type__": "cc.SpriteFrame",
  "content": {
    "name": "hitEffect",
    "atlas": "",
    "rect": {
      "x": 2,
      "y": 2,
      "width": 880,
      "height": 860
    },
    "offset": {
      "x": 0,
      "y": 13.5
    },
    "originalSize": {
      "width": 884,
      "height": 891
    },
    "rotated": false,
    "capInsets": [
      0,
      0,
      0,
      0
    ],
    "vertices": {
      "rawPosition": [
        -440,
        -430,
        0,
        440,
        -430,
        0,
        -440,
        430,
        0,
        440,
        430,
        0
      ],
      "indexes": [
        0,
        1,
        2,
        2,
        1,
        3
      ],
      "uv": [
        2,
        889,
        882,
        889,
        2,
        29,
        882,
        29
      ],
      "nuv": [
        0.0022624434389140274,
        0.03254769921436588,
        0.997737556561086,
        0.03254769921436588,
        0.0022624434389140274,
        0.9977553310886644,
        0.997737556561086,
        0.9977553310886644
      ],
      "minPos": {
        "x": -440,
        "y": -430,
        "z": 0
      },
      "maxPos": {
        "x": 440,
        "y": 430,
        "z": 0
      }
    },
    "texture": "6f50da9d-d6f4-426d-bff9-8a731e2e809a@6c48a",
    "packable": true,
    "pixelsToUnit": 100,
    "pivot": {
      "x": 0.5,
      "y": 0.5
    },
    "meshType": 0
  }
}