{
  "__type__": "cc.SpriteFrame",
  "content": {
    "name": "goods",
    "atlas": "",
    "rect": {
      "x": 1,
      "y": 1,
      "width": 770,
      "height": 606
    },
    "offset": {
      "x": 0,
      "y": 0
    },
    "originalSize": {
      "width": 772,
      "height": 608
    },
    "rotated": false,
    "capInsets": [
      0,
      0,
      0,
      0
    ],
    "vertices": {
      "rawPosition": [
        -385,
        -303,
        0,
        385,
        -303,
        0,
        -385,
        303,
        0,
        385,
        303,
        0
      ],
      "indexes": [
        0,
        1,
        2,
        2,
        1,
        3
      ],
      "uv": [
        1,
        607,
        771,
        607,
        1,
        1,
        771,
        1
      ],
      "nuv": [
        0.0012953367875647669,
        0.001644736842105263,
        0.9987046632124352,
        0.001644736842105263,
        0.0012953367875647669,
        0.9983552631578947,
        0.9987046632124352,
        0.9983552631578947
      ],
      "minPos": {
        "x": -385,
        "y": -303,
        "z": 0
      },
      "maxPos": {
        "x": 385,
        "y": 303,
        "z": 0
      }
    },
    "texture": "8bd049f6-2de0-4e49-8df0-923922682d5f@6c48a",
    "packable": true,
    "pixelsToUnit": 100,
    "pivot": {
      "x": 0.5,
      "y": 0.5
    },
    "meshType": 0
  }
}